cohort,sample,orig_blk_mean,orig_blk_std,match_blk_mean,match_blk_std,A_orig_ctplans_recall,A_orig_ctplans_precision,A_orig_ctplans_ppf,B_orig_instzs_recall,B_orig_instzs_precision,B_orig_instzs_ppf,C_match_ctplans_recall,C_match_ctplans_precision,C_match_ctplans_ppf,D_match_instzs_recall,D_match_instzs_precision,D_match_instzs_ppf,E_affine_ctplans_recall,E_affine_ctplans_precision,E_affine_ctplans_ppf,F_affine_instzs_recall,F_affine_instzs_precision,F_affine_instzs_ppf,dAC_recall,dBD_recall,confound_recall
located60,sample_00161,133.346887,40.486018,75.757932,40.740866,0.942510,0.753682,0.280118,0.700974,0.514880,0.304958,0.567845,0.426276,0.298389,0.571626,0.427258,0.299685,0.684674,0.504461,0.304019,0.700974,0.514880,0.304958,-0.374665,-0.129348,0.245317
located60,sample_00162,128.316664,45.117269,74.856576,41.087819,0.924153,0.746606,0.217435,0.703923,0.396399,0.311940,0.781835,0.439834,0.312251,0.760008,0.428925,0.311254,0.682800,0.383628,0.312652,0.703923,0.396399,0.311940,-0.142317,0.056085,0.198402
located60,sample_00163,131.323291,38.167151,74.727157,40.902565,0.952113,0.749926,0.252568,0.732754,0.443966,0.328335,0.717284,0.438880,0.325127,0.720898,0.440484,0.325576,0.718247,0.437039,0.326935,0.732754,0.443966,0.328335,-0.234829,-0.011857,0.222972
located60,sample_00164,128.961281,38.885823,74.720688,40.633097,0.951082,0.729885,0.186014,0.766288,0.419918,0.260501,0.768017,0.406886,0.269451,0.773940,0.409415,0.269852,0.756930,0.413006,0.261627,0.766271,0.419907,0.260502,-0.183065,0.007652,0.190717
located60,sample_00165,135.221548,35.314711,73.266214,40.369421,0.959633,0.730341,0.244696,0.812473,0.569476,0.265693,0.749783,0.493030,0.283210,0.757552,0.500638,0.281796,0.800707,0.572609,0.260413,0.812473,0.569476,0.265693,-0.209851,-0.054921,0.154929
located60,sample_00166,133.990374,38.709036,74.508236,40.739682,0.943815,0.758439,0.251880,0.863965,0.609204,0.287052,0.699157,0.489856,0.288890,0.716536,0.501880,0.288978,0.804839,0.575455,0.283090,0.863974,0.609223,0.287046,-0.244658,-0.147429,0.097229
located60,sample_00167,132.061000,44.469588,74.783289,41.640006,0.939180,0.808812,0.268535,0.872979,0.623938,0.323565,0.764076,0.552803,0.319643,0.767281,0.554639,0.319922,0.865786,0.612910,0.326673,0.872979,0.623938,0.323565,-0.175104,-0.105698,0.069405
located60,sample_00168,119.298728,53.483421,74.462367,41.405586,0.935976,0.794267,0.177613,0.834061,0.564125,0.222843,0.614803,0.396600,0.233647,0.805659,0.450394,0.269610,0.773945,0.505474,0.230775,0.834061,0.564125,0.222843,-0.321173,-0.028402,0.292771
located60,sample_00169,116.840342,47.385653,74.525005,41.118538,0.937285,0.750962,0.064639,0.693653,0.358497,0.100207,0.521816,0.348724,0.077496,0.812979,0.387672,0.108607,0.647571,0.397830,0.084301,0.693653,0.358497,0.100207,-0.415469,0.119326,0.534795
located60,sample_00170,115.399369,43.585593,73.664466,40.115414,0.931923,0.750389,0.147457,0.822203,0.392086,0.248982,0.739520,0.431793,0.203350,0.834755,0.432804,0.229001,0.821547,0.468263,0.208311,0.822203,0.392086,0.248982,-0.192403,0.012552,0.204955
located60,sample_00172,139.347322,30.116489,74.464352,40.268907,0.881766,0.611059,0.276304,0.792770,0.466508,0.325390,0.601541,0.380578,0.302649,0.605332,0.383116,0.302537,0.712146,0.431924,0.315702,0.792770,0.466508,0.325390,-0.280225,-0.187439,0.092786
located60,sample_00173,131.770121,36.242149,73.165876,41.684751,0.919815,0.615812,0.213283,0.717551,0.391954,0.261409,0.584209,0.328725,0.253769,0.590958,0.330799,0.255091,0.635983,0.354109,0.256455,0.717551,0.391954,0.261409,-0.335605,-0.126593,0.209012
located60,sample_00174,134.033808,36.183191,73.092627,41.138756,0.902831,0.694085,0.207435,0.662155,0.402158,0.262574,0.612278,0.351838,0.277520,0.606194,0.348913,0.277065,0.619821,0.380964,0.259460,0.662258,0.402216,0.262576,-0.290553,-0.055962,0.234591
located60,sample_00175,134.564990,33.690302,73.620772,41.249933,0.899507,0.656438,0.264658,0.813443,0.443898,0.353931,0.646508,0.330385,0.377944,0.654548,0.337955,0.374075,0.784460,0.418204,0.362291,0.813443,0.443898,0.353931,-0.252999,-0.158895,0.094104
located60,sample_00177,135.162979,34.686349,73.728801,41.697608,0.877442,0.570332,0.294205,0.711102,0.405922,0.335003,0.582288,0.354356,0.314236,0.593466,0.357822,0.317167,0.642922,0.369029,0.333163,0.711102,0.405922,0.335003,-0.295154,-0.117637,0.177517
located60,sample_00178,134.488954,33.844936,74.790984,40.896256,0.856678,0.597695,0.236697,0.748589,0.439654,0.281182,0.741902,0.441573,0.277460,0.743996,0.440964,0.278626,0.730266,0.433889,0.277944,0.748558,0.439661,0.281166,-0.114776,-0.004594,0.110182
located60,sample_00179,138.446428,35.250274,74.105100,41.722480,0.879518,0.646256,0.344821,0.587499,0.350637,0.424525,0.528718,0.327933,0.408501,0.557440,0.336262,0.420023,0.443589,0.319225,0.352077,0.587516,0.350640,0.424534,-0.350801,-0.030060,0.320741
located60,sample_00180,137.805049,33.218702,73.838254,41.379641,0.887885,0.605298,0.283645,0.470010,0.330618,0.274896,0.368488,0.255819,0.278534,0.405828,0.276292,0.284028,0.408672,0.295736,0.267214,0.470072,0.330667,0.274891,-0.519396,-0.064182,0.455215
located60,sample_00181,142.215475,32.639739,76.381000,40.460493,0.956703,0.766851,0.252545,0.952314,0.662793,0.290854,0.846093,0.533415,0.321090,0.839728,0.529480,0.321042,0.939137,0.641430,0.296383,0.952331,0.662791,0.290860,-0.110609,-0.112585,-0.001976
located60,sample_00183,139.556896,34.873090,74.781290,41.389530,0.914259,0.678282,0.275359,0.726647,0.466536,0.318184,0.591580,0.364388,0.331658,0.598127,0.369071,0.331073,0.682214,0.435516,0.320005,0.726710,0.466574,0.318186,-0.322679,-0.128520,0.194160
located60,sample_00184,139.434281,32.940796,74.149942,41.483686,0.898397,0.704709,0.229242,0.781814,0.530761,0.264875,0.704771,0.456570,0.277573,0.709118,0.461085,0.276550,0.731513,0.494315,0.266106,0.781807,0.530770,0.264867,-0.193626,-0.072696,0.120931
located60,sample_00185,139.091145,32.664420,74.647803,41.798207,0.935852,0.559797,0.424508,0.972647,0.405732,0.608732,0.735591,0.327581,0.570200,0.730055,0.320149,0.579047,0.289157,0.229992,0.319249,0.972647,0.405842,0.608566,-0.200261,-0.242592,-0.042331
located60,sample_00187,138.984103,30.325991,74.649875,40.862176,0.897117,0.694302,0.341165,0.665904,0.470615,0.373602,0.430588,0.309940,0.366815,0.456373,0.320757,0.375671,0.445193,0.342605,0.343097,0.665956,0.470621,0.373627,-0.466529,-0.209531,0.256998
located60,sample_00188,142.976285,30.404300,76.249514,41.123959,0.930213,0.658029,0.236419,0.737508,0.453021,0.272266,0.417835,0.247775,0.282028,0.462839,0.272312,0.284255,0.491247,0.288055,0.285214,0.737541,0.453052,0.272260,-0.512378,-0.274669,0.237709
located60,sample_00189,135.782670,35.881882,74.991733,41.730799,0.893687,0.653651,0.148949,0.943474,0.414289,0.248098,0.893131,0.389742,0.249652,0.892444,0.388522,0.250243,0.830226,0.364844,0.247905,0.943474,0.414313,0.248084,-0.000556,-0.051030,-0.050474
located60,sample_00191,142.052214,30.365420,73.987662,41.115250,0.914190,0.633991,0.322938,0.663741,0.430722,0.345118,0.535070,0.359655,0.333189,0.560922,0.370571,0.338998,0.605066,0.407656,0.332410,0.663748,0.430734,0.345112,-0.379120,-0.102819,0.276301
located60,sample_00192,137.522172,32.180555,74.563085,41.001362,0.900136,0.678549,0.274037,0.795374,0.540133,0.304196,0.797974,0.486972,0.338507,0.797629,0.487193,0.338207,0.781630,0.530457,0.304393,0.795371,0.540137,0.304193,-0.102162,0.002255,0.104416
located60,sample_00193,139.885101,33.614605,73.720921,41.692214,0.922298,0.663239,0.268223,0.675035,0.438460,0.296955,0.599266,0.383192,0.301646,0.601881,0.384780,0.301712,0.617375,0.405602,0.293591,0.674995,0.438451,0.296944,-0.323032,-0.073154,0.249879
located60,sample_00194,143.690534,32.556822,73.849913,41.957597,0.943589,0.728877,0.323338,0.632732,0.456535,0.346158,0.434962,0.352556,0.308143,0.440129,0.355488,0.309231,0.464333,0.391895,0.295929,0.632726,0.456557,0.346139,-0.508628,-0.192603,0.316025
located60,sample_00196,139.352261,32.910573,74.239198,40.961435,0.918259,0.652716,0.278594,0.460499,0.314499,0.289961,0.348098,0.249531,0.276253,0.359326,0.252458,0.281858,0.360067,0.260171,0.274067,0.460465,0.314476,0.289961,-0.570160,-0.101173,0.468987
located60,sample_00197,143.495393,34.135691,75.383507,41.444769,0.937055,0.771038,0.271803,0.768553,0.545327,0.315197,0.446353,0.309233,0.322818,0.453753,0.312534,0.324704,0.703551,0.476738,0.330051,0.768556,0.545323,0.315200,-0.490702,-0.314799,0.175903
located60,sample_00198,134.750219,39.190378,73.778721,42.059830,0.368848,0.330053,0.347965,0.243916,0.209605,0.362335,0.319632,0.245093,0.406062,0.330449,0.253177,0.406399,0.202812,0.178855,0.353073,0.244096,0.209727,0.362391,-0.049216,0.086533,0.135749
located60,sample_00199,137.610118,36.869234,75.389601,40.579140,0.949084,0.747418,0.243858,0.901092,0.559193,0.309459,0.893534,0.537993,0.318955,0.899927,0.541072,0.319409,0.904537,0.566801,0.306472,0.901055,0.559166,0.309461,-0.055550,-0.001165,0.054386
located60,sample_00200,139.580086,37.570601,75.722830,40.968830,0.892106,0.648371,0.259120,0.869363,0.511555,0.320049,0.766160,0.433251,0.333033,0.788968,0.440936,0.336970,0.845420,0.492872,0.323032,0.869346,0.511545,0.320049,-0.125946,-0.080395,0.045551
located60,sample_00201,135.442703,38.411361,75.658598,41.588585,0.898409,0.645763,0.222498,0.888152,0.499231,0.284518,0.866529,0.440170,0.314838,0.870031,0.443405,0.313804,0.883417,0.500687,0.282178,0.888176,0.499227,0.284528,-0.031880,-0.018121,0.013759
located60,sample_00202,134.975751,34.176839,74.190876,41.086371,0.819275,0.531261,0.287277,0.630298,0.344848,0.340485,0.428605,0.258075,0.309379,0.438529,0.265036,0.308229,0.603257,0.342219,0.328381,0.630228,0.344838,0.340457,-0.390670,-0.191769,0.198901
located60,sample_00203,128.420208,40.995362,74.611649,41.886706,0.948200,0.716749,0.156126,0.908175,0.466025,0.229987,0.847615,0.408238,0.245034,0.849848,0.408900,0.245282,0.896707,0.450670,0.234819,0.908175,0.466008,0.229995,-0.100585,-0.058327,0.042258
located60,sample_00204,128.172649,40.416654,74.106737,41.953201,0.899198,0.687505,0.125917,0.739089,0.409732,0.173661,0.764002,0.420472,0.174930,0.752041,0.414811,0.174541,0.739505,0.409591,0.173819,0.739079,0.409733,0.173658,-0.135196,0.012952,0.148148
located60,sample_00205,129.137923,38.529702,74.915564,41.168998,0.883419,0.645462,0.147203,0.848514,0.479894,0.190166,0.796387,0.440372,0.194502,0.795422,0.439714,0.194557,0.838792,0.472242,0.191033,0.848502,0.479878,0.190170,-0.087032,-0.053092,0.033940
located60,sample_00206,134.217407,37.843784,75.395631,41.063173,0.911597,0.631476,0.188982,0.773262,0.374769,0.270107,0.776620,0.360049,0.282372,0.782250,0.362350,0.282613,0.775982,0.376577,0.269756,0.773446,0.374843,0.270119,-0.134977,0.008988,0.143965
located60,sample_00208,141.759749,30.616426,73.860125,41.111531,0.893693,0.673588,0.280028,0.610957,0.407591,0.316369,0.595222,0.383644,0.327459,0.599560,0.384460,0.329146,0.561497,0.377115,0.314254,0.611008,0.407633,0.316363,-0.298472,-0.011396,0.287075
located60,sample_00209,136.180984,32.957168,74.016821,41.372850,0.905587,0.657371,0.240472,0.723892,0.463289,0.272751,0.561540,0.354994,0.276124,0.578795,0.367041,0.275268,0.661470,0.422898,0.273036,0.723848,0.463257,0.272753,-0.344047,-0.145097,0.198950
located60,sample_00210,141.043565,33.526209,74.564251,40.937058,0.876936,0.629972,0.247720,0.487524,0.310277,0.279615,0.295149,0.206541,0.254302,0.300714,0.211581,0.252925,0.401350,0.265570,0.268942,0.487506,0.310278,0.279604,-0.581787,-0.186809,0.394978
located60,sample_00211,143.422576,33.861126,75.657507,41.634730,0.926620,0.761402,0.283613,0.837149,0.587175,0.332257,0.449740,0.306240,0.342246,0.432122,0.298260,0.337637,0.695607,0.479352,0.338181,0.837126,0.587134,0.332271,-0.476881,-0.405026,0.071854
located60,sample_00213,130.849773,39.829789,75.086843,41.642276,0.924707,0.718061,0.234475,0.880299,0.547410,0.292800,0.854424,0.526280,0.295604,0.887016,0.536199,0.301203,0.856543,0.536294,0.290804,0.880272,0.547418,0.292787,-0.070283,0.006717,0.077000
located60,sample_00214,128.012779,42.816392,73.895033,41.053978,0.949540,0.781289,0.178984,0.623502,0.380756,0.241159,0.735166,0.416908,0.259692,0.822864,0.432097,0.280453,0.613485,0.380738,0.237296,0.623527,0.380765,0.241163,-0.214374,0.199361,0.413736
located60,sample_00215,134.920777,39.270844,75.460438,41.615111,0.859338,0.619666,0.216811,0.682794,0.401872,0.265630,0.626687,0.356689,0.274685,0.629270,0.356832,0.275707,0.683050,0.402664,0.265207,0.682757,0.401856,0.265626,-0.232652,-0.053524,0.179128
located60,sample_00216,131.780567,41.210015,74.970504,41.645196,0.916095,0.757908,0.213786,0.696049,0.372771,0.330257,0.546485,0.306342,0.315520,0.559907,0.305362,0.324307,0.665718,0.354959,0.331716,0.696107,0.372849,0.330216,-0.369611,-0.136142,0.233469
located60,sample_00217,127.879013,40.079258,75.560879,41.231873,0.873687,0.669470,0.144580,0.709854,0.418353,0.187980,0.756145,0.433881,0.193072,0.758125,0.435532,0.192844,0.696464,0.410987,0.187739,0.709872,0.418360,0.187981,-0.117541,0.048271,0.165812
located60,sample_00218,131.400102,37.727013,75.407950,41.307622,0.884413,0.655585,0.194137,0.729129,0.404880,0.259155,0.646690,0.356549,0.261011,0.664629,0.363723,0.262961,0.701396,0.387827,0.260260,0.729115,0.404882,0.259150,-0.237724,-0.064500,0.173223
located60,sample_00219,134.376139,36.442311,76.190272,41.448786,0.884955,0.650422,0.200833,0.838936,0.481472,0.257198,0.800450,0.444294,0.265933,0.804254,0.445459,0.266498,0.833911,0.480386,0.256235,0.838941,0.481470,0.257200,-0.084505,-0.034682,0.049823
located60,sample_00220,132.989390,36.086431,74.734907,40.901068,0.895698,0.631467,0.200729,0.739932,0.397482,0.263435,0.725536,0.379147,0.270801,0.729079,0.379151,0.272120,0.701717,0.382489,0.259622,0.739994,0.397506,0.263440,-0.170162,-0.010853,0.159309
located60,sample_00221,130.513769,39.777664,74.026563,42.014512,0.871299,0.600203,0.207356,0.722365,0.367653,0.280651,0.727980,0.360304,0.288601,0.737943,0.362175,0.291039,0.718532,0.365055,0.281149,0.722418,0.367663,0.280663,-0.143319,0.015578,0.158897
located60,sample_00222,141.237215,28.756315,72.769521,40.492372,0.935673,0.717582,0.273445,0.467415,0.350689,0.279510,0.347067,0.247746,0.293781,0.350930,0.249378,0.295106,0.275004,0.206375,0.279446,0.467431,0.350653,0.279548,-0.588606,-0.116485,0.472121
located60,sample_00224,140.178825,30.788555,73.369092,40.625710,0.939823,0.710972,0.255348,0.694472,0.413436,0.324478,0.471893,0.334587,0.272441,0.479206,0.345432,0.267978,0.570352,0.391089,0.281713,0.694501,0.413460,0.324473,-0.467930,-0.215266,0.252664
located60,sample_00225,146.125980,28.227644,75.153699,40.714112,0.913470,0.670786,0.287263,0.714566,0.416089,0.362265,0.485480,0.236213,0.433548,0.507578,0.246655,0.434092,0.633660,0.352135,0.379591,0.714553,0.416020,0.362318,-0.427991,-0.206988,0.221002
located60,sample_00226,139.236722,32.382381,74.168570,40.932023,0.933368,0.737896,0.326981,0.648864,0.498420,0.336530,0.511925,0.394315,0.335605,0.511061,0.397096,0.332692,0.584426,0.444208,0.340101,0.648850,0.498422,0.336521,-0.421443,-0.137803,0.283641
located60,sample_00227,134.714759,33.758511,74.764634,40.393070,0.904272,0.730155,0.307273,0.782401,0.496926,0.390640,0.643970,0.412151,0.387658,0.648354,0.412331,0.390127,0.749871,0.480350,0.387319,0.782380,0.496907,0.390645,-0.260302,-0.134047,0.126255
located60,sample_00229,127.123697,41.279042,74.836483,41.929551,0.935605,0.734843,0.194489,0.741365,0.469565,0.241175,0.769394,0.471158,0.249447,0.798443,0.486256,0.250827,0.728573,0.459347,0.242286,0.741365,0.469573,0.241171,-0.166211,0.057078,0.223289
located60,sample_00231,132.458800,36.930154,74.967064,41.165259,0.911704,0.687472,0.227052,0.855397,0.496740,0.294825,0.817242,0.455929,0.306888,0.832829,0.466303,0.305783,0.845156,0.490163,0.295204,0.855392,0.496731,0.294829,-0.094462,-0.022568,0.071894
nonlocated60,sample_00002,75.732635,37.016182,,,0.975736,0.909147,0.122319,0.976088,0.908565,0.122441,,,,,,,,,,,,,,,
nonlocated60,sample_00004,79.751908,40.899472,,,0.949955,0.861377,0.138587,0.949923,0.861752,0.138522,,,,,,,,,,,,,,,
nonlocated60,sample_00006,85.743254,35.379649,,,0.965696,0.871445,0.182515,0.965911,0.871477,0.182549,,,,,,,,,,,,,,,
nonlocated60,sample_00011,76.325025,40.177666,,,0.967074,0.902787,0.197647,0.967255,0.902567,0.197733,,,,,,,,,,,,,,,
nonlocated60,sample_00015,81.148493,44.687615,,,0.966687,0.904131,0.257669,0.967236,0.904696,0.257654,,,,,,,,,,,,,,,
nonlocated60,sample_00020,75.188357,39.497441,,,0.876959,0.772942,0.136377,0.871621,0.752154,0.139293,,,,,,,,,,,,,,,
nonlocated60,sample_00023,76.838936,33.576401,,,0.964621,0.878708,0.173857,0.964436,0.878643,0.173837,,,,,,,,,,,,,,,
nonlocated60,sample_00027,73.306671,39.937924,,,0.972469,0.903819,0.115507,0.945837,0.865135,0.117368,,,,,,,,,,,,,,,
nonlocated60,sample_00049,80.052629,41.947514,,,0.954582,0.846213,0.190881,0.954899,0.846745,0.190824,,,,,,,,,,,,,,,
nonlocated60,sample_00055,81.760611,37.207172,,,0.951706,0.853880,0.164693,0.952245,0.854298,0.164705,,,,,,,,,,,,,,,
nonlocated60,sample_00061,73.120033,40.022420,,,0.976467,0.899406,0.125526,0.880369,0.733558,0.138759,,,,,,,,,,,,,,,
nonlocated60,sample_00086,70.981521,37.915713,,,0.981304,0.906232,0.226612,0.770178,0.641555,0.251233,,,,,,,,,,,,,,,
nonlocated60,sample_00116,71.170140,39.171679,,,0.941952,0.852880,0.073675,0.555766,0.443643,0.083568,,,,,,,,,,,,,,,
nonlocated60,sample_00120,66.396534,37.136533,,,1.000000,0.862069,0.069048,1.000000,0.217391,0.273810,,,,,,,,,,,,,,,
nonlocated60,sample_00357,86.950417,28.274971,,,0.859576,0.620188,0.106202,0.858963,0.620106,0.106140,,,,,,,,,,,,,,,
nonlocated60,sample_00361,87.950762,26.176650,,,0.928388,0.758370,0.162218,0.928787,0.758227,0.162319,,,,,,,,,,,,,,,
nonlocated60,sample_00367,88.231335,22.359031,,,,,,,,,,,,,,,,,,,,,,,
nonlocated60,sample_00382,93.304538,26.522072,,,0.906934,0.700659,0.145144,0.907733,0.699459,0.145521,,,,,,,,,,,,,,,
nonlocated60,sample_00387,92.703699,28.524638,,,0.914703,0.733611,0.138458,0.914128,0.732058,0.138665,,,,,,,,,,,,,,,
nonlocated60,sample_00448,72.820856,40.996703,,,0.857176,0.676493,0.102804,0.857399,0.676090,0.102892,,,,,,,,,,,,,,,
nonlocated60,sample_00450,73.701888,43.241902,,,0.939136,0.792975,0.234508,0.939481,0.792931,0.234607,,,,,,,,,,,,,,,
nonlocated60,sample_00451,74.682245,44.766386,,,0.925705,0.773566,0.164000,0.925775,0.773154,0.164100,,,,,,,,,,,,,,,
nonlocated60,sample_00460,72.266775,41.417128,,,0.915305,0.757074,0.217691,0.915890,0.756589,0.217970,,,,,,,,,,,,,,,
nonlocated60,sample_00473,72.844770,42.245928,,,0.929162,0.777565,0.135625,0.929353,0.777648,0.135638,,,,,,,,,,,,,,,
nonlocated60,sample_00506,70.154715,45.936202,,,0.932531,0.729039,0.203635,0.929338,0.733491,0.201706,,,,,,,,,,,,,,,
nonlocated60,sample_00514,71.190635,46.243496,,,0.955019,0.758149,0.162733,0.951639,0.764978,0.160710,,,,,,,,,,,,,,,
nonlocated60,sample_00516,59.294094,42.724902,,,0.956072,0.756307,0.126730,0.779180,0.576360,0.135529,,,,,,,,,,,,,,,
nonlocated60,sample_00545,80.002186,41.655130,,,0.932738,0.776041,0.189479,0.932164,0.775527,0.189487,,,,,,,,,,,,,,,
nonlocated60,sample_00548,73.871506,43.724971,,,0.946923,0.792125,0.166480,0.946857,0.791797,0.166538,,,,,,,,,,,,,,,
nonlocated60,sample_00553,66.093656,43.614014,,,0.936595,0.790976,0.119126,0.936082,0.790289,0.119164,,,,,,,,,,,,,,,
nonlocated60,sample_00556,65.713048,40.226259,,,0.927903,0.776620,0.143669,0.927858,0.776454,0.143692,,,,,,,,,,,,,,,
nonlocated60,sample_00557,65.972412,43.602262,,,0.886880,0.744570,0.102836,0.850855,0.699503,0.105015,,,,,,,,,,,,,,,
nonlocated60,sample_00584,60.980992,42.113791,,,,,,,,,,,,,,,,,,,,,,,
nonlocated60,sample_00596,69.859650,43.108427,,,0.955260,0.793666,0.208259,0.954401,0.793367,0.208150,,,,,,,,,,,,,,,
nonlocated60,sample_00603,59.796780,39.358320,,,0.922768,0.811492,0.110687,0.578147,0.467943,0.120264,,,,,,,,,,,,,,,
nonlocated60,sample_00610,68.281733,40.866200,,,0.919514,0.738619,0.141447,0.920080,0.738392,0.141577,,,,,,,,,,,,,,,
nonlocated60,sample_00612,65.204019,42.669710,,,0.866914,0.706195,0.118190,0.866084,0.705443,0.118203,,,,,,,,,,,,,,,
nonlocated60,sample_00633,68.680082,41.305978,,,0.903144,0.776486,0.141638,0.902870,0.775920,0.141698,,,,,,,,,,,,,,,
nonlocated60,sample_00634,72.286979,41.957856,,,0.923931,0.750992,0.134044,0.924131,0.750958,0.134079,,,,,,,,,,,,,,,
nonlocated60,sample_00644,64.956488,41.621013,,,0.908674,0.742374,0.087317,0.908486,0.742357,0.087301,,,,,,,,,,,,,,,
nonlocated60,sample_00649,67.939040,39.823426,,,0.897154,0.731908,0.082276,0.896870,0.731032,0.082348,,,,,,,,,,,,,,,
nonlocated60,sample_00667,68.014065,42.038057,,,0.928571,0.756267,0.177600,0.929275,0.756379,0.177708,,,,,,,,,,,,,,,
nonlocated60,sample_00679,66.754573,41.972289,,,0.911791,0.757459,0.280134,0.873010,0.676185,0.300458,,,,,,,,,,,,,,,
nonlocated60,sample_00703,69.818557,43.518654,,,0.895155,0.731587,0.139338,0.894887,0.731038,0.139401,,,,,,,,,,,,,,,
nonlocated60,sample_00720,61.504120,39.932564,,,0.766286,0.685080,0.217216,0.824379,0.652232,0.245452,,,,,,,,,,,,,,,
nonlocated60,sample_00721,64.791703,42.337673,,,0.919707,0.774696,0.083606,0.920091,0.775150,0.083592,,,,,,,,,,,,,,,
nonlocated60,sample_00732,63.677252,40.600281,,,0.855450,0.697386,0.066915,0.853011,0.693802,0.067069,,,,,,,,,,,,,,,
nonlocated60,sample_00737,69.072289,41.509680,,,0.914372,0.746008,0.117025,0.914193,0.745535,0.117076,,,,,,,,,,,,,,,
nonlocated60,sample_00751,66.502708,41.338112,,,0.916070,0.713794,0.130250,0.914850,0.714056,0.130028,,,,,,,,,,,,,,,
nonlocated60,sample_00760,63.210421,40.984859,,,0.850807,0.699167,0.106108,0.843407,0.683685,0.107567,,,,,,,,,,,,,,,
nonlocated60,sample_00763,62.198947,39.369096,,,0.903718,0.763707,0.101751,0.902356,0.762902,0.101705,,,,,,,,,,,,,,,
nonlocated60,sample_00775,61.590491,38.754861,,,0.903420,0.762190,0.049151,0.870084,0.707900,0.050968,,,,,,,,,,,,,,,
nonlocated60,sample_00788,68.796048,43.246642,,,0.939831,0.811932,0.079353,0.939460,0.811252,0.079388,,,,,,,,,,,,,,,
nonlocated60,sample_00810,75.723840,33.316618,,,0.956776,0.862755,0.126797,0.957592,0.863053,0.126861,,,,,,,,,,,,,,,
nonlocated60,sample_00830,106.198787,26.356977,,,0.853111,0.622879,0.187191,0.854117,0.608354,0.191886,,,,,,,,,,,,,,,
nonlocated60,sample_00847,99.572262,31.043070,,,0.396948,0.311973,0.225329,0.399741,0.312773,0.226334,,,,,,,,,,,,,,,
nonlocated60,sample_00880,62.128781,40.038929,,,0.405383,0.314812,0.120186,0.415907,0.321315,0.120811,,,,,,,,,,,,,,,
nonlocated60,sample_00899,66.966739,42.481512,,,0.884665,0.738426,0.099363,0.884570,0.737851,0.099429,,,,,,,,,,,,,,,
nonlocated60,sample_00909,65.608641,41.883601,,,0.829084,0.661330,0.090594,0.824491,0.648751,0.091839,,,,,,,,,,,,,,,
nonlocated60,sample_00914,65.136978,38.942672,,,0.762421,0.580224,0.108794,0.759114,0.576866,0.108952,,,,,,,,,,,,,,,
located16_patchnorm,sample_00161,133.346887,40.486018,75.757932,40.740866,0.942527,0.753680,0.280124,0.700467,0.514524,0.304948,0.567860,0.426274,0.298398,0.571869,0.427243,0.299823,,,,,,,-0.374667,-0.128598,0.246069
located16_patchnorm,sample_00162,128.316664,45.117269,74.856576,41.087819,0.924153,0.746578,0.217444,0.704296,0.396533,0.311999,0.781781,0.439813,0.312244,0.760387,0.429003,0.311352,,,,,,,-0.142372,0.056092,0.198463
located16_patchnorm,sample_00163,131.323291,38.167151,74.727157,40.902565,0.952105,0.749942,0.252560,0.733079,0.444245,0.328274,0.717284,0.438880,0.325127,0.721058,0.440671,0.325509,,,,,,,-0.234820,-0.012021,0.222799
located16_patchnorm,sample_00164,128.961281,38.885823,74.720688,40.633097,0.951082,0.729885,0.186014,0.765284,0.419188,0.260613,0.768017,0.406886,0.269451,0.773559,0.409216,0.269850,,,,,,,-0.183065,0.008275,0.191340
located16_patchnorm,sample_00165,135.221548,35.314711,73.266214,40.369421,0.959633,0.730341,0.244696,0.813119,0.569899,0.265707,0.749783,0.493030,0.283210,0.758137,0.501628,0.281458,,,,,,,-0.209851,-0.054981,0.154869
located16_patchnorm,sample_00166,133.990374,38.709036,74.508236,40.739682,0.943815,0.758439,0.251880,0.863908,0.609240,0.287016,0.699157,0.489856,0.288890,0.717123,0.502172,0.289046,,,,,,,-0.244658,-0.146786,0.097872
located16_patchnorm,sample_00167,132.061000,44.469588,74.783289,41.640006,0.939180,0.808812,0.268535,0.872395,0.623026,0.323822,0.764076,0.552803,0.319643,0.766357,0.554036,0.319884,,,,,,,-0.175104,-0.106038,0.069066
located16_patchnorm,sample_00168,119.298728,53.483421,74.462367,41.405586,0.935976,0.794267,0.177613,0.827677,0.560285,0.222653,0.614803,0.396600,0.233647,0.809947,0.453416,0.269238,,,,,,,-0.321173,-0.017730,0.303444
located16_patchnorm,sample_00169,116.840342,47.385653,74.525005,41.118538,0.937285,0.750962,0.064639,0.690432,0.358760,0.099669,0.521816,0.348724,0.077496,0.792232,0.379412,0.108139,,,,,,,-0.415469,0.101800,0.517269
located16_patchnorm,sample_00170,115.399369,43.585593,73.664466,40.115414,0.931923,0.750389,0.147457,0.821029,0.390404,0.249698,0.739520,0.431793,0.203350,0.831371,0.429880,0.229625,,,,,,,-0.192403,0.010342,0.202745
located16_patchnorm,sample_00172,139.347322,30.116489,74.464352,40.268907,0.881766,0.611059,0.276304,0.792974,0.466860,0.325228,0.601541,0.380578,0.302649,0.606078,0.383794,0.302375,,,,,,,-0.280225,-0.186896,0.093328
located16_patchnorm,sample_00173,131.770121,36.242149,73.165876,41.684751,0.919815,0.615812,0.213283,0.720557,0.393091,0.261745,0.584209,0.328725,0.253769,0.592411,0.331537,0.255149,,,,,,,-0.335605,-0.128146,0.207460
located16_patchnorm,sample_00174,134.033808,36.183191,73.092627,41.138756,0.902831,0.694085,0.207435,0.664809,0.402916,0.263130,0.612278,0.351838,0.277520,0.605332,0.349029,0.276579,,,,,,,-0.290553,-0.059478,0.231075
located16_patchnorm,sample_00175,134.564990,33.690302,73.620772,41.249933,0.899507,0.656438,0.264658,0.812178,0.443647,0.353581,0.646508,0.330385,0.377944,0.654553,0.337835,0.374210,,,,,,,-0.252999,-0.157625,0.095374
located16_patchnorm,sample_00177,135.162979,34.686349,73.728801,41.697608,0.877442,0.570332,0.294205,0.710594,0.405546,0.335074,0.582288,0.354356,0.314236,0.606373,0.355300,0.326364,,,,,,,-0.295154,-0.104221,0.190933
located16_patchnorm,sample_00178,134.488954,33.844936,74.790984,40.896256,0.856690,0.597697,0.236700,0.749511,0.439995,0.281310,0.741876,0.441555,0.277461,0.744238,0.441067,0.278652,,,,,,,-0.114814,-0.005272,0.109541
